Country,2010,2010_lower, 2010_upper, 2010_Footnote, 2011,2011_lower, 2011_upper, 2011_Footnote, 2012,2012_lower, 2012_upper, 2012_Footnote, 2013,2013_lower, 2013_upper, 2013_Footnote, 2014,2014_lower, 2014_upper, 2014_Footnote, 2015,2015_lower, 2015_upper, 2015_Footnote, 2016,2016_lower, 2016_upper, 2016_Footnote, 2017,2017_lower, 2017_upper, 2017_Footnote, 2018,2018_lower, 2018_upper, 2018_Footnote, 2019,2019_lower, 2019_upper, 2019_Footnote, 2019,2019_Footnote
Afghanistan,<500 ,<200 , <1000,,<500 ,<200 , <1000,,<500 ,<200 , <1000,,<500 ,<200 , <1000,,<500 ,<200 , <1000,,<500 ,<200 , <1000,,<500 ,<200 , 1100,,<500 ,<200 , 1200,,<500 ,<200 , 1300,,<500 ,<200 , 1400,,103,
Albania,<100 ,<100 , <100,,<100 ,<100 , <100,,<100 ,<100 , <100,,<100 ,<100 , <100,,<100 ,<100 , <100,,<100 ,<100 , <100,,<100 ,<100 , <100,,<100 ,<100 , <100,,<100 ,<100 , <100,,<100 ,<100 , <100,,142,
Algeria,<200 ,<100 , <500,,<200 ,<100 , <500,,<200 ,<100 , <500,,<200 ,<100 , <500,,<200 ,<100 , <500,,<200 ,<100 , <500,,<200 ,<100 , <500,,<200 ,<100 , <500,,<200 ,<100 , <500,,<200 ,<100 , <500,,34,
Angola,9400 ,7000 , 12 000,,10 000 ,7300 , 13 000,,11 000 ,7900 , 14 000,,11 000 ,8100 , 14 000,,10 000 ,7300 , 13 000,,9600 ,6900 , 12 000,,9900 ,7000 , 13 000,,11 000 ,8200 , 14 000,,13 000 ,9500 , 16 000,,13 000 ,9500 , 16 000,,36,
Argentina,1400 ,1000 , 2000,"Children estimates were not available at the time of publication.",1400 ,1000 , 2000,"Children estimates were not available at the time of publication.",1300 ,<1000 , 1900,"Children estimates were not available at the time of publication.",1300 ,<1000 , 2000,"Children estimates were not available at the time of publication.",1300 ,<1000 , 2000,"Children estimates were not available at the time of publication.",1400 ,<1000 , 2200,"Children estimates were not available at the time of publication.",1400 ,<1000 , 2300,"Children estimates were not available at the time of publication.",1400 ,<1000 , 2200,"Children estimates were not available at the time of publication.",1400 ,<1000 , 2300,"Children estimates were not available at the time of publication.",1400 ,<1000 , 2300,"Children estimates were not available at the time of publication.",1,"Children estimates were not available at the time of publication."
Armenia,<200 ,<200 , <200,,<200 ,<200 , <200,,<200 ,<200 , <200,,<200 ,<200 , <200,,<200 ,<200 , <200,,<200 ,<100 , <200,,<200 ,<100 , <200,,<200 ,<100 , <200,,<200 ,<100 , <200,,<100 ,<100 , <200,,-31,
Australia,<200 ,<200 , <500,,<200 ,<100 , <500,,<200 ,<100 , <500,,<200 ,<100 , <500,,<100 ,<100 , <200,,<100 ,<100 , <200,,<100 ,<100 , <200,,<100 ,<100 , <200,,<100 ,<100 , <200,,<100 ,<100 , <200,,-60,
Austria,... ,... , ...,"Estimates were not available at the time of publication.",... ,... , ...,"Estimates were not available at the time of publication.",... ,... , ...,"Estimates were not available at the time of publication.",... ,... , ...,"Estimates were not available at the time of publication.",... ,... , ...,"Estimates were not available at the time of publication.",... ,... , ...,"Estimates were not available at the time of publication.",... ,... , ...,"Estimates were not available at the time of publication.",... ,... , ...,"Estimates were not available at the time of publication.",... ,... , ...,"Estimates were not available at the time of publication.",... ,... , ...,"Estimates were not available at the time of publication.",...,"Estimates were not available at the time of publication."
Azerbaijan,<1000 ,<500 , <1000,,<1000 ,<500 , <1000,,<1000 ,<500 , <1000,,<1000 ,<500 , <1000,,<500 ,<500 , <1000,,<500 ,<500 , <1000,,<500 ,<500 , <1000,,<500 ,<500 , <1000,,<500 ,<500 , <1000,,<500 ,<200 , <1000,,-29,
Bahamas,... ,... , ...,"Estimates were not available at the time of publication.",... ,... , ...,"Estimates were not available at the time of publication.",... ,... , ...,"Estimates were not available at the time of publication.",... ,... , ...,"Estimates were not available at the time of publication.",... ,... , ...,"Estimates were not available at the time of publication.",... ,... , ...,"Estimates were not available at the time of publication.",... ,... , ...,"Estimates were not available at the time of publication.",... ,... , ...,"Estimates were not available at the time of publication.",... ,... , ...,"Estimates were not available at the time of publication.",... ,... , ...,"Estimates were not available at the time of publication.",...,"Estimates were not available at the time of publication."
Bahrain,... ,... , ...,"Estimates were not available at the time of publication.",... ,... , ...,"Estimates were not available at the time of publication.",... ,... , ...,"Estimates were not available at the time of publication.",... ,... , ...,"Estimates were not available at the time of publication.",... ,... , ...,"Estimates were not available at the time of publication.",... ,... , ...,"Estimates were not available at the time of publication.",... ,... , ...,"Estimates were not available at the time of publication.",... ,... , ...,"Estimates were not available at the time of publication.",... ,... , ...,"Estimates were not available at the time of publication.",... ,... , ...,"Estimates were not available at the time of publication.",...,"Estimates were not available at the time of publication."
Bangladesh,... ,... , ...,"Estimates were not available at the time of publication.",... ,... , ...,"Estimates were not available at the time of publication.",... ,... , ...,"Estimates were not available at the time of publication.",... ,... , ...,"Estimates were not available at the time of publication.",... ,... , ...,"Estimates were not available at the time of publication.",... ,... , ...,"Estimates were not available at the time of publication.",... ,... , ...,"Estimates were not available at the time of publication.",... ,... , ...,"Estimates were not available at the time of publication.",... ,... , ...,"Estimates were not available at the time of publication.",... ,... , ...,"Estimates were not available at the time of publication.",...,"Estimates were not available at the time of publication."
Barbados,<200 ,<100 , <200,,<100 ,<100 , <200,,<100 ,<100 , <200,,<100 ,<100 , <200,,<100 ,<100 , <200,,<100 ,<100 , <200,,<100 ,<100 , <500,,<100 ,<100 , <200,,<100 ,<100 , <200,,<100 ,<100 , <200,,-35,
Belarus,<200 ,<200 , <500,,<200 ,<200 , <500,,<200 ,<200 , <500,,<200 ,<200 , <500,,<200 ,<200 , <500,,<500 ,<200 , <500,,<500 ,<200 , <500,,<500 ,<200 , <500,,<500 ,<200 , <500,,<200 ,<200 , <500,,-2,
Belgium,... ,... , ...,"Estimates were not available at the time of publication.",... ,... , ...,"Estimates were not available at the time of publication.",... ,... , ...,"Estimates were not available at the time of publication.",... ,... , ...,"Estimates were not available at the time of publication.",... ,... , ...,"Estimates were not available at the time of publication.",... ,... , ...,"Estimates were not available at the time of publication.",... ,... , ...,"Estimates were not available at the time of publication.",... ,... , ...,"Estimates were not available at the time of publication.",... ,... , ...,"Estimates were not available at the time of publication.",... ,... , ...,"Estimates were not available at the time of publication.",...,"Estimates were not available at the time of publication."
Belize,... ,... , ...,"Estimates were not available at the time of publication.",... ,... , ...,"Estimates were not available at the time of publication.",... ,... , ...,"Estimates were not available at the time of publication.",... ,... , ...,"Estimates were not available at the time of publication.",... ,... , ...,"Estimates were not available at the time of publication.",... ,... , ...,"Estimates were not available at the time of publication.",... ,... , ...,"Estimates were not available at the time of publication.",... ,... , ...,"Estimates were not available at the time of publication.",... ,... , ...,"Estimates were not available at the time of publication.",... ,... , ...,"Estimates were not available at the time of publication.",...,"Estimates were not available at the time of publication."
Benin,2300 ,1200 , 4500,,2200 ,1200 , 4400,,2200 ,1100 , 4400,,2300 ,1200 , 4500,,2500 ,1300 , 4900,,2600 ,1300 , 5100,,2400 ,1200 , 4700,,2300 ,1200 , 4400,,2300 ,1200 , 4500,,2300 ,1200 , 4400,,,
Bhutan,... ,... , ...,"Estimates were not available at the time of publication.",... ,... , ...,"Estimates were not available at the time of publication.",... ,... , ...,"Estimates were not available at the time of publication.",... ,... , ...,"Estimates were not available at the time of publication.",... ,... , ...,"Estimates were not available at the time of publication.",... ,... , ...,"Estimates were not available at the time of publication.",... ,... , ...,"Estimates were not available at the time of publication.",... ,... , ...,"Estimates were not available at the time of publication.",... ,... , ...,"Estimates were not available at the time of publication.",... ,... , ...,"Estimates were not available at the time of publication.",...,"Estimates were not available at the time of publication."
Bolivia (Plurinational State of),1300 ,1100 , 1600,,1000 ,<1000 , 1300,,<1000 ,<1000 , 1100,,<1000 ,<500 , <1000,,<1000 ,<500 , <1000,,<500 ,<500 , <1000,,<500 ,<500 , <500,,<500 ,<200 , <500,,<500 ,<200 , <500,,<200 ,<200 , <500,,-87,
Bosnia and Herzegovina,... ,... , ...,"Estimates were not available at the time of publication.",... ,... , ...,"Estimates were not available at the time of publication.",... ,... , ...,"Estimates were not available at the time of publication.",... ,... , ...,"Estimates were not available at the time of publication.",... ,... , ...,"Estimates were not available at the time of publication.",... ,... , ...,"Estimates were not available at the time of publication.",... ,... , ...,"Estimates were not available at the time of publication.",... ,... , ...,"Estimates were not available at the time of publication.",... ,... , ...,"Estimates were not available at the time of publication.",... ,... , ...,"Estimates were not available at the time of publication.",...,"Estimates were not available at the time of publication."
Botswana,6900 ,6200 , 7600,"Children estimates were not available at the time of publication.",6600 ,5900 , 7300,"Children estimates were not available at the time of publication.",6100 ,5400 , 6800,"Children estimates were not available at the time of publication.",5500 ,4800 , 6300,"Children estimates were not available at the time of publication.",5100 ,4400 , 5900,"Children estimates were not available at the time of publication.",4900 ,4200 , 5600,"Children estimates were not available at the time of publication.",5000 ,4300 , 5800,"Children estimates were not available at the time of publication.",5000 ,4300 , 5800,"Children estimates were not available at the time of publication.",4900 ,4200 , 5700,"Children estimates were not available at the time of publication.",5000 ,4200 , 5700,"Children estimates were not available at the time of publication.",-28,"Children estimates were not available at the time of publication."
Brazil,15 000 ,6700 , 23 000,,16 000 ,6900 , 24 000,,16 000 ,6900 , 24 000,,16 000 ,7100 , 24 000,,16 000 ,7200 , 25 000,,16 000 ,7200 , 25 000,,15 000 ,6900 , 23 000,,14 000 ,6500 , 22 000,,14 000 ,6400 , 21 000,,14 000 ,6300 , 21 000,,-12,
Brunei Darussalam,... ,... , ...,"Estimates were not available at the time of publication.",... ,... , ...,"Estimates were not available at the time of publication.",... ,... , ...,"Estimates were not available at the time of publication.",... ,... , ...,"Estimates were not available at the time of publication.",... ,... , ...,"Estimates were not available at the time of publication.",... ,... , ...,"Estimates were not available at the time of publication.",... ,... , ...,"Estimates were not available at the time of publication.",... ,... , ...,"Estimates were not available at the time of publication.",... ,... , ...,"Estimates were not available at the time of publication.",... ,... , ...,"Estimates were not available at the time of publication.",...,"Estimates were not available at the time of publication."
Bulgaria,<100 ,<100 , <100,,<100 ,<100 , <100,,<100 ,<100 , <100,,<100 ,<100 , <100,,<100 ,<100 , <100,,<100 ,<100 , <100,,<100 ,<100 , <100,,<100 ,<100 , <100,,<100 ,<100 , <100,,<100 ,<100 , <100,,132,
Burkina Faso,5000 ,3700 , 6600,,4600 ,3400 , 6000,,4200 ,3100 , 5600,,4300 ,3200 , 5800,,4500 ,3200 , 5900,,4200 ,3100 , 5600,,4100 ,3000 , 5500,,3800 ,2800 , 5000,,3400 ,2400 , 4400,,3100 ,2300 , 4100,,-38,
Burundi,5400 ,4300 , 6900,,4500 ,3500 , 5900,,4000 ,3000 , 5300,,3600 ,2700 , 4700,,3500 ,2700 , 4700,,3200 ,2400 , 4300,,2700 ,2000 , 3700,,2300 ,1800 , 3100,,2000 ,1500 , 2700,,1800 ,1400 , 2400,,-66,
Cabo Verde,<100 ,<100 , <100,,<100 ,<100 , <100,,<100 ,<100 , <100,,<100 ,<100 , <100,,<100 ,<100 , <100,,<100 ,<100 , <100,,<100 ,<100 , <100,,<100 ,<100 , <100,,<100 ,<100 , <100,,<100 ,<100 , <100,,-36,
Cambodia,2900 ,2200 , 4200,,2400 ,1800 , 3600,,2200 ,1600 , 3400,,2200 ,1500 , 3300,,2100 ,1500 , 3300,,2000 ,1400 , 3100,,1800 ,1300 , 2800,,1600 ,1200 , 2500,,1500 ,1100 , 2100,,1300 ,<1000 , 1900,,-54,
Cameroon,22 000 ,19 000 , 25 000,,22 000 ,19 000 , 25 000,,22 000 ,19 000 , 25 000,,22 000 ,20 000 , 25 000,,24 000 ,22 000 , 27 000,,25 000 ,22 000 , 27 000,,23 000 ,21 000 , 25 000,,20 000 ,18 000 , 22 000,,16 000 ,14 000 , 18 000,,14 000 ,12 000 , 16 000,,-37,
Canada,... ,... , ...,"Estimates were not available at the time of publication.",... ,... , ...,"Estimates were not available at the time of publication.",... ,... , ...,"Estimates were not available at the time of publication.",... ,... , ...,"Estimates were not available at the time of publication.",... ,... , ...,"Estimates were not available at the time of publication.",... ,... , ...,"Estimates were not available at the time of publication.",... ,... , ...,"Estimates were not available at the time of publication.",... ,... , ...,"Estimates were not available at the time of publication.",... ,... , ...,"Estimates were not available at the time of publication.",... ,... , ...,"Estimates were not available at the time of publication.",...,"Estimates were not available at the time of publication."
Central African Republic,6800 ,5500 , 8200,,6800 ,5500 , 8200,,7100 ,5700 , 8500,,6900 ,5700 , 8500,,6700 ,5500 , 8200,,5500 ,4400 , 6900,,4600 ,3600 , 5900,,4100 ,3000 , 5400,,4100 ,3000 , 5600,,3800 ,2700 , 5200,,-44,
Chad,3800 ,2800 , 5100,,3500 ,2600 , 4700,,3400 ,2400 , 4700,,3400 ,2400 , 4700,,3400 ,2300 , 4700,,3400 ,2300 , 4600,,3200 ,2200 , 4300,,3000 ,2000 , 4100,,3100 ,2000 , 4500,,3200 ,2100 , 4700,,-15,
Chile,... ,... , ...,,... ,... , ...,,... ,... , ...,,... ,... , ...,,... ,... , ...,,... ,... , ...,,... ,... , ...,,... ,... , ...,,... ,... , ...,,... ,... , ...,,...,
China,... ,... , ...,"Estimates were not available at the time of publication.",... ,... , ...,"Estimates were not available at the time of publication.",... ,... , ...,"Estimates were not available at the time of publication.",... ,... , ...,"Estimates were not available at the time of publication.",... ,... , ...,"Estimates were not available at the time of publication.",... ,... , ...,"Estimates were not available at the time of publication.",... ,... , ...,"Estimates were not available at the time of publication.",... ,... , ...,"Estimates were not available at the time of publication.",... ,... , ...,"Estimates were not available at the time of publication.",... ,... , ...,"Estimates were not available at the time of publication.",...,"Estimates were not available at the time of publication."
Colombia,7400 ,5900 , 9500,,6200 ,4900 , 8000,,4800 ,3700 , 6300,,4400 ,3200 , 5900,,4100 ,2900 , 5600,,3700 ,2600 , 5300,,3300 ,2300 , 4800,,3300 ,2100 , 4900,,3700 ,2300 , 5800,,4100 ,2500 , 6400,,-45,
Comoros,<100 ,<100 , <100,,<100 ,<100 , <100,,<100 ,<100 , <100,,<100 ,<100 , <100,,<100 ,<100 , <100,,<100 ,<100 , <100,,<100 ,<100 , <100,,<100 ,<100 , <100,,<100 ,<100 , <100,,<100 ,<100 , <100,,-40,
Congo,3800 ,3100 , 4500,,3700 ,3000 , 4400,,3500 ,2700 , 4200,,3900 ,3100 , 4800,,4200 ,3300 , 5100,,4500 ,3500 , 5500,,4100 ,3100 , 5000,,4100 ,3000 , 5100,,4300 ,3200 , 5600,,4500 ,3200 , 6100,,18,
Costa Rica,<200 ,<200 , <500,,<200 ,<100 , <500,,<200 ,<100 , <500,,<200 ,<100 , <500,,<200 ,<100 , <500,,<200 ,<200 , <500,,<200 ,<100 , <500,,<200 ,<100 , <500,,<200 ,<100 , <500,,<200 ,<100 , <500,,-15,
Croatia,<100 ,<100 , <100,,<100 ,<100 , <100,,<100 ,<100 , <100,,<100 ,<100 , <100,,<100 ,<100 , <100,,<100 ,<100 , <100,,<100 ,<100 , <100,,<100 ,<100 , <100,,<100 ,<100 , <100,,<100 ,<100 , <100,,-11,
Cuba,<500 ,<200 , <1000,,<500 ,<100 , <1000,,<500 ,<200 , <1000,,<500 ,<200 , <1000,,<500 ,<200 , <1000,,<500 ,<200 , <1000,,<500 ,<200 , <1000,,<500 ,<200 , <1000,,<500 ,<200 , <1000,,<500 ,<500 , <1000,,50,
Cyprus,... ,... , ...,"Estimates were not available at the time of publication.",... ,... , ...,"Estimates were not available at the time of publication.",... ,... , ...,"Estimates were not available at the time of publication.",... ,... , ...,"Estimates were not available at the time of publication.",... ,... , ...,"Estimates were not available at the time of publication.",... ,... , ...,"Estimates were not available at the time of publication.",... ,... , ...,"Estimates were not available at the time of publication.",... ,... , ...,"Estimates were not available at the time of publication.",... ,... , ...,"Estimates were not available at the time of publication.",... ,... , ...,"Estimates were not available at the time of publication.",...,"Estimates were not available at the time of publication."
Czechia,... ,... , ...,"Estimates were not available at the time of publication.",... ,... , ...,"Estimates were not available at the time of publication.",... ,... , ...,"Estimates were not available at the time of publication.",... ,... , ...,"Estimates were not available at the time of publication.",... ,... , ...,"Estimates were not available at the time of publication.",... ,... , ...,"Estimates were not available at the time of publication.",... ,... , ...,"Estimates were not available at the time of publication.",... ,... , ...,"Estimates were not available at the time of publication.",... ,... , ...,"Estimates were not available at the time of publication.",... ,... , ...,"Estimates were not available at the time of publication.",...,"Estimates were not available at the time of publication."
CÃ´te d'Ivoire,27 000 ,23 000 , 32 000,,27 000 ,22 000 , 32 000,,25 000 ,21 000 , 29 000,,24 000 ,20 000 , 28 000,,23 000 ,19 000 , 27 000,,21 000 ,17 000 , 25 000,,19 000 ,15 000 , 23 000,,17 000 ,14 000 , 21 000,,15 000 ,12 000 , 19 000,,13 000 ,11 000 , 16 000,,-52,
Democratic People's Republic of Korea,... ,... , ...,"Estimates were not available at the time of publication.",... ,... , ...,"Estimates were not available at the time of publication.",... ,... , ...,"Estimates were not available at the time of publication.",... ,... , ...,"Estimates were not available at the time of publication.",... ,... , ...,"Estimates were not available at the time of publication.",... ,... , ...,"Estimates were not available at the time of publication.",... ,... , ...,"Estimates were not available at the time of publication.",... ,... , ...,"Estimates were not available at the time of publication.",... ,... , ...,"Estimates were not available at the time of publication.",... ,... , ...,"Estimates were not available at the time of publication.",...,"Estimates were not available at the time of publication."
Democratic Republic of the Congo,37 000 ,31 000 , 44 000,,36 000 ,29 000 , 43 000,,35 000 ,29 000 , 42 000,,32 000 ,25 000 , 39 000,,30 000 ,23 000 , 37 000,,28 000 ,21 000 , 35 000,,24 000 ,18 000 , 30 000,,21 000 ,16 000 , 27 000,,17 000 ,12 000 , 22 000,,15 000 ,11 000 , 20 000,,-61,
Denmark,... ,... , ...,"Estimates were not available at the time of publication.",... ,... , ...,"Estimates were not available at the time of publication.",... ,... , ...,"Estimates were not available at the time of publication.",... ,... , ...,"Estimates were not available at the time of publication.",... ,... , ...,"Estimates were not available at the time of publication.",... ,... , ...,"Estimates were not available at the time of publication.",... ,... , ...,"Estimates were not available at the time of publication.",... ,... , ...,"Estimates were not available at the time of publication.",... ,... , ...,"Estimates were not available at the time of publication.",... ,... , ...,"Estimates were not available at the time of publication.",...,"Estimates were not available at the time of publication."
Djibouti,<1000 ,<1000 , 1100,,<1000 ,<1000 , 1200,,<1000 ,<1000 , 1100,,<1000 ,<500 , 1000,,<1000 ,<500 , 1000,,<1000 ,<500 , <1000,,<1000 ,<500 , <1000,,<500 ,<500 , <1000,,<500 ,<500 , <1000,,<500 ,<200 , <1000,,-58,
Dominican Republic,3800 ,2800 , 5400,,3600 ,2700 , 5100,,3400 ,2500 , 4900,,3200 ,2400 , 4600,,3000 ,2200 , 4300,,2700 ,1900 , 3900,,2500 ,1700 , 3500,,2300 ,1700 , 3300,,2100 ,1500 , 3000,,1900 ,1400 , 2700,,-50,
Ecuador,1100 ,<1000 , 2300,,1100 ,<1000 , 2300,,<1000 ,<1000 , 2200,,1100 ,<1000 , 2500,,1300 ,<1000 , 2900,,1200 ,<1000 , 2700,,<1000 ,<1000 , 2300,,<1000 ,<500 , 2100,,<1000 ,<500 , 1900,,<1000 ,<500 , 1700,,-46,
Egypt,<500 ,<200 , <500,,<500 ,<200 , <500,,<500 ,<200 , <500,,<500 ,<200 , <500,,<500 ,<200 , <500,,<500 ,<200 , <500,,<500 ,<500 , <1000,,<500 ,<500 , <1000,,<500 ,<500 , <1000,,<500 ,<500 , <1000,,88,
El Salvador,<1000 ,<500 , <1000,,<1000 ,<500 , <1000,,<1000 ,<500 , <1000,,<1000 ,<1000 , <1000,,<1000 ,<1000 , <1000,,<1000 ,<1000 , 1000,,<1000 ,<1000 , 1100,,<1000 ,<1000 , 1100,,<1000 ,<1000 , 1200,,<1000 ,<1000 , 1200,,66,
Equatorial Guinea,1300 ,<1000 , 1800,,1500 ,1000 , 2000,,1600 ,1200 , 2100,,1700 ,1200 , 2200,,1500 ,1100 , 1900,,1500 ,1000 , 2000,,1700 ,1200 , 2400,,1900 ,1400 , 2700,,1700 ,1200 , 2500,,1800 ,1200 , 2800,,42,
Eritrea,<1000 ,<500 , 1100,,<1000 ,<500 , <1000,,<1000 ,<500 , <1000,,<500 ,<500 , <1000,,<500 ,<500 , <1000,,<500 ,<500 , <1000,,<500 ,<500 , <1000,,<500 ,<500 , <1000,,<500 ,<200 , <1000,,<500 ,<200 , <1000,,-55,
Estonia,... ,... , ...,"Estimates were not available at the time of publication.",... ,... , ...,"Estimates were not available at the time of publication.",... ,... , ...,"Estimates were not available at the time of publication.",... ,... , ...,"Estimates were not available at the time of publication.",... ,... , ...,"Estimates were not available at the time of publication.",... ,... , ...,"Estimates were not available at the time of publication.",... ,... , ...,"Estimates were not available at the time of publication.",... ,... , ...,"Estimates were not available at the time of publication.",... ,... , ...,"Estimates were not available at the time of publication.",... ,... , ...,"Estimates were not available at the time of publication.",...,"Estimates were not available at the time of publication."
Eswatini,4600 ,4100 , 5100,,3900 ,3500 , 4400,,3300 ,2900 , 3800,,3100 ,2700 , 3400,,3100 ,2800 , 3500,,2900 ,2600 , 3300,,2800 ,2400 , 3200,,2800 ,2400 , 3300,,2600 ,2200 , 3100,,2300 ,1900 , 2800,,-49,
Ethiopia,24 000 ,15 000 , 41 000,,21 000 ,13 000 , 36 000,,18 000 ,11 000 , 31 000,,16 000 ,9900 , 28 000,,15 000 ,9400 , 27 000,,15 000 ,8900 , 25 000,,14 000 ,8300 , 23 000,,13 000 ,7700 , 22 000,,12 000 ,7200 , 20 000,,12 000 ,7000 , 20 000,,-52,
Fiji,<100 ,<100 , <100,,<100 ,<100 , <100,,<100 ,<100 , <100,,<100 ,<100 , <100,,<100 ,<100 , <100,,<100 ,<100 , <100,,<100 ,<100 , <100,,<100 ,<100 , <100,,<100 ,<100 , <100,,<100 ,<100 , <100,,158,
Finland,... ,... , ...,"Estimates were not available at the time of publication.",... ,... , ...,"Estimates were not available at the time of publication.",... ,... , ...,"Estimates were not available at the time of publication.",... ,... , ...,"Estimates were not available at the time of publication.",... ,... , ...,"Estimates were not available at the time of publication.",... ,... , ...,"Estimates were not available at the time of publication.",... ,... , ...,"Estimates were not available at the time of publication.",... ,... , ...,"Estimates were not available at the time of publication.",... ,... , ...,"Estimates were not available at the time of publication.",... ,... , ...,"Estimates were not available at the time of publication.",...,"Estimates were not available at the time of publication."
France,<1000 ,<500 , <1000,,<1000 ,<500 , <1000,,<500 ,<500 , <1000,,<500 ,<500 , <1000,,<500 ,<200 , <500,,<500 ,<200 , <1000,,<500 ,<200 , <1000,,<500 ,<200 , <1000,,<500 ,<200 , <1000,,<500 ,<200 , <1000,,-57,
Gabon,1700 ,1200 , 2400,,1800 ,1300 , 2500,,1700 ,1200 , 2400,,1500 ,1000 , 2100,,1300 ,<1000 , 1900,,1200 ,<1000 , 1700,,1100 ,<1000 , 1600,,1100 ,<1000 , 1500,,1100 ,<1000 , 1600,,1100 ,<1000 , 1600,,-34,
Gambia,1000 ,<1000 , 1500,,<1000 ,<1000 , 1300,,<1000 ,<1000 , 1200,,<1000 ,<1000 , 1200,,<1000 ,<1000 , 1400,,1000 ,<1000 , 1500,,1100 ,<1000 , 1600,,1100 ,<1000 , 1600,,1100 ,<1000 , 1600,,1100 ,<1000 , 1600,,8,
Georgia,<100 ,<100 , <100,,<100 ,<100 , <100,,<100 ,<100 , <100,,<100 ,<100 , <100,,<100 ,<100 , <100,,<100 ,<100 , <100,,<100 ,<100 , <200,,<100 ,<100 , <200,,<100 ,<100 , <200,,<100 ,<100 , <500,,246,
Germany,... ,... , ...,"Estimates were not available at the time of publication.",... ,... , ...,"Estimates were not available at the time of publication.",... ,... , ...,"Estimates were not available at the time of publication.",... ,... , ...,"Estimates were not available at the time of publication.",... ,... , ...,"Estimates were not available at the time of publication.",... ,... , ...,"Estimates were not available at the time of publication.",... ,... , ...,"Estimates were not available at the time of publication.",... ,... , ...,"Estimates were not available at the time of publication.",... ,... , ...,"Estimates were not available at the time of publication.",... ,... , ...,"Estimates were not available at the time of publication.",...,"Estimates were not available at the time of publication."
Ghana,16 000 ,12 000 , 19 000,,14 000 ,11 000 , 18 000,,13 000 ,9600 , 16 000,,12 000 ,8900 , 16 000,,13 000 ,9300 , 17 000,,13 000 ,9400 , 18 000,,14 000 ,9500 , 19 000,,14 000 ,9600 , 19 000,,14 000 ,9400 , 20 000,,14 000 ,8800 , 20 000,,-13,
Greece,... ,... , ...,"Estimates were not available at the time of publication.",... ,... , ...,"Estimates were not available at the time of publication.",... ,... , ...,"Estimates were not available at the time of publication.",... ,... , ...,"Estimates were not available at the time of publication.",... ,... , ...,"Estimates were not available at the time of publication.",... ,... , ...,"Estimates were not available at the time of publication.",... ,... , ...,"Estimates were not available at the time of publication.",... ,... , ...,"Estimates were not available at the time of publication.",... ,... , ...,"Estimates were not available at the time of publication.",... ,... , ...,"Estimates were not available at the time of publication.",...,"Estimates were not available at the time of publication."
Guatemala,<1000 ,<500 , 1000,,<1000 ,<500 , 1000,,<1000 ,<500 , 1100,,<1000 ,<500 , 1200,,<1000 ,<1000 , 1300,,1000 ,<1000 , 1700,,1300 ,<1000 , 2000,,1400 ,<1000 , 2100,,1400 ,<1000 , 2000,,1200 ,<1000 , 1700,,82,
Guinea,3700 ,2900 , 4900,,3400 ,2600 , 4500,,3300 ,2400 , 4400,,2900 ,2100 , 4000,,2900 ,2000 , 4100,,3200 ,2200 , 4300,,3400 ,2400 , 4600,,3600 ,2600 , 4800,,3600 ,2700 , 4900,,3100 ,2300 , 4100,,-18,
Guinea-Bissau,1700 ,1400 , 2100,,1700 ,1400 , 2000,,1600 ,1300 , 1900,,1500 ,1200 , 1700,,1500 ,1200 , 1800,,1600 ,1300 , 1900,,1600 ,1300 , 1800,,1400 ,1200 , 1700,,1400 ,1200 , 1700,,1500 ,1200 , 1700,,-16,
Guyana,<100 ,<100 , <200,,<100 ,<100 , <200,,<100 ,<100 , <200,,<100 ,<100 , <200,,<200 ,<100 , <200,,<200 ,<100 , <200,,<200 ,<100 , <200,,<200 ,<100 , <200,,<200 ,<100 , <200,,<200 ,<100 , <200,,34,
Haiti,5000 ,4200 , 6000,,5300 ,4400 , 6300,,5100 ,4300 , 6200,,4800 ,4100 , 5700,,4200 ,3500 , 4900,,3900 ,3200 , 4600,,3800 ,3100 , 4400,,3200 ,2600 , 3900,,2700 ,2100 , 3300,,2700 ,2100 , 3300,,-46,
Honduras,1200 ,<1000 , 1500,,1200 ,<1000 , 1500,,1100 ,<1000 , 1400,,1000 ,<1000 , 1300,,<1000 ,<1000 , 1300,,<1000 ,<1000 , 1200,,<1000 ,<1000 , 1200,,<1000 ,<1000 , 1100,,<1000 ,<1000 , 1000,,<1000 ,<1000 , 1100,,-36,
Hungary,... ,... , ...,"Estimates were not available at the time of publication.",... ,... , ...,"Estimates were not available at the time of publication.",... ,... , ...,"Estimates were not available at the time of publication.",... ,... , ...,"Estimates were not available at the time of publication.",... ,... , ...,"Estimates were not available at the time of publication.",... ,... , ...,"Estimates were not available at the time of publication.",... ,... , ...,"Estimates were not available at the time of publication.",... ,... , ...,"Estimates were not available at the time of publication.",... ,... , ...,"Estimates were not available at the time of publication.",... ,... , ...,"Estimates were not available at the time of publication.",...,"Estimates were not available at the time of publication."
Iceland,... ,... , ...,"Estimates were not available at the time of publication.",... ,... , ...,"Estimates were not available at the time of publication.",... ,... , ...,"Estimates were not available at the time of publication.",... ,... , ...,"Estimates were not available at the time of publication.",... ,... , ...,"Estimates were not available at the time of publication.",... ,... , ...,"Estimates were not available at the time of publication.",... ,... , ...,"Estimates were not available at the time of publication.",... ,... , ...,"Estimates were not available at the time of publication.",... ,... , ...,"Estimates were not available at the time of publication.",... ,... , ...,"Estimates were not available at the time of publication.",...,"Estimates were not available at the time of publication."
India,... ,... , ...,"Estimates were not available at the time of publication.",... ,... , ...,"Estimates were not available at the time of publication.",... ,... , ...,"Estimates were not available at the time of publication.",... ,... , ...,"Estimates were not available at the time of publication.",... ,... , ...,"Estimates were not available at the time of publication.",... ,... , ...,"Estimates were not available at the time of publication.",... ,... , ...,"Estimates were not available at the time of publication.",... ,... , ...,"Estimates were not available at the time of publication.",... ,... , ...,"Estimates were not available at the time of publication.",... ,... , ...,"Estimates were not available at the time of publication.",...,"Estimates were not available at the time of publication."
Indonesia,... ,... , ...,"Estimates were not available at the time of publication.",... ,... , ...,"Estimates were not available at the time of publication.",... ,... , ...,"Estimates were not available at the time of publication.",... ,... , ...,"Estimates were not available at the time of publication.",... ,... , ...,"Estimates were not available at the time of publication.",... ,... , ...,"Estimates were not available at the time of publication.",... ,... , ...,"Estimates were not available at the time of publication.",... ,... , ...,"Estimates were not available at the time of publication.",... ,... , ...,"Estimates were not available at the time of publication.",... ,... , ...,"Estimates were not available at the time of publication.",...,"Estimates were not available at the time of publication."
Iran (Islamic Republic of),2400 ,1500 , 3300,,2500 ,1600 , 3500,,2600 ,1700 , 3600,,2600 ,1600 , 3700,,2600 ,1600 , 3800,,2500 ,1600 , 4000,,2500 ,1500 , 4200,,2500 ,1400 , 4500,,2400 ,1300 , 5000,,2500 ,1200 , 5600,,7,
Ireland,<100 ,<100 , <100,,<100 ,<100 , <100,,<100 ,<100 , <100,,<100 ,<100 , <100,,<100 ,<100 , <100,,<100 ,<100 , <100,,<100 ,<100 , <100,,<100 ,<100 , <100,,<100 ,<100 , <100,,<100 ,<100 , <100,,-30,
Israel,... ,... , ...,"Estimates were not available at the time of publication.",... ,... , ...,"Estimates were not available at the time of publication.",... ,... , ...,"Estimates were not available at the time of publication.",... ,... , ...,"Estimates were not available at the time of publication.",... ,... , ...,"Estimates were not available at the time of publication.",... ,... , ...,"Estimates were not available at the time of publication.",... ,... , ...,"Estimates were not available at the time of publication.",... ,... , ...,"Estimates were not available at the time of publication.",... ,... , ...,"Estimates were not available at the time of publication.",... ,... , ...,"Estimates were not available at the time of publication.",...,"Estimates were not available at the time of publication."
Italy,<1000 ,<1000 , 1900,,<1000 ,<1000 , 1900,,<1000 ,<1000 , 1900,,<1000 ,<1000 , 1800,,<1000 ,<500 , 1800,,<1000 ,<500 , 1700,,<1000 ,<500 , 1800,,<1000 ,<500 , 1800,,<1000 ,<500 , 1800,,<1000 ,<500 , 1700,,-19,
Jamaica,<1000 ,<1000 , 1600,,<1000 ,<1000 , 1700,,1000 ,<1000 , 1800,,<1000 ,<1000 , 1800,,1000 ,<1000 , 1800,,<1000 ,<1000 , 1700,,<1000 ,<1000 , 1800,,<1000 ,<1000 , 1800,,1000 ,<1000 , 1800,,1000 ,<1000 , 1800,,8,
Japan,... ,... , ...,"Estimates were not available at the time of publication.",... ,... , ...,"Estimates were not available at the time of publication.",... ,... , ...,"Estimates were not available at the time of publication.",... ,... , ...,"Estimates were not available at the time of publication.",... ,... , ...,"Estimates were not available at the time of publication.",... ,... , ...,"Estimates were not available at the time of publication.",... ,... , ...,"Estimates were not available at the time of publication.",... ,... , ...,"Estimates were not available at the time of publication.",... ,... , ...,"Estimates were not available at the time of publication.",... ,... , ...,"Estimates were not available at the time of publication.",...,"Estimates were not available at the time of publication."
Jordan,... ,... , ...,"Estimates were not available at the time of publication.",... ,... , ...,"Estimates were not available at the time of publication.",... ,... , ...,"Estimates were not available at the time of publication.",... ,... , ...,"Estimates were not available at the time of publication.",... ,... , ...,"Estimates were not available at the time of publication.",... ,... , ...,"Estimates were not available at the time of publication.",... ,... , ...,"Estimates were not available at the time of publication.",... ,... , ...,"Estimates were not available at the time of publication.",... ,... , ...,"Estimates were not available at the time of publication.",... ,... , ...,"Estimates were not available at the time of publication.",...,"Estimates were not available at the time of publication."
Kazakhstan,<1000 ,<500 , <1000,,<1000 ,<500 , <1000,,<1000 ,<500 , <1000,,<1000 ,<500 , <1000,,<1000 ,<500 , <1000,,<1000 ,<500 , <1000,,<1000 ,<500 , <1000,,<1000 ,<500 , <1000,,<1000 ,<500 , <1000,,<500 ,<500 , <500,,-33,
Kenya,51 000 ,38 000 , 74 000,,45 000 ,33 000 , 66 000,,40 000 ,29 000 , 58 000,,36 000 ,27 000 , 53 000,,35 000 ,26 000 , 51 000,,33 000 ,24 000 , 48 000,,29 000 ,21 000 , 42 000,,26 000 ,19 000 , 38 000,,23 000 ,17 000 , 34 000,,21 000 ,16 000 , 31 000,,-59,
Kuwait,... ,... , ...,"Estimates were not available at the time of publication.",... ,... , ...,"Estimates were not available at the time of publication.",... ,... , ...,"Estimates were not available at the time of publication.",... ,... , ...,"Estimates were not available at the time of publication.",... ,... , ...,"Estimates were not available at the time of publication.",... ,... , ...,"Estimates were not available at the time of publication.",... ,... , ...,"Estimates were not available at the time of publication.",... ,... , ...,"Estimates were not available at the time of publication.",... ,... , ...,"Estimates were not available at the time of publication.",... ,... , ...,"Estimates were not available at the time of publication.",...,"Estimates were not available at the time of publication."
Kyrgyzstan,<200 ,<200 , <200,,<200 ,<200 , <200,,<500 ,<200 , <500,,<500 ,<200 , <500,,<200 ,<200 , <500,,<200 ,<200 , <200,,<200 ,<200 , <200,,<200 ,<200 , <200,,<200 ,<200 , <200,,<500 ,<200 , <500,,32,
Lao People's Democratic Republic,<500 ,<500 , <500,,<500 ,<500 , <500,,<500 ,<500 , <500,,<500 ,<500 , <500,,<500 ,<500 , <500,,<500 ,<500 , <500,,<500 ,<500 , <500,,<500 ,<500 , <500,,<500 ,<500 , <500,,<500 ,<500 , <500,,-1,
Latvia,<200 ,<100 , <500,,<200 ,<100 , <500,,<200 ,<100 , <500,,<200 ,<100 , <500,,<200 ,<100 , <500,,<200 ,<100 , <500,,<200 ,<100 , <500,,<100 ,<100 , <200,,<100 ,<100 , <200,,<100 ,<100 , <100,,-67,
Lebanon,<100 ,<100 , <100,,<100 ,<100 , <100,,<100 ,<100 , <100,,<100 ,<100 , <100,,<100 ,<100 , <200,,<100 ,<100 , <200,,<100 ,<100 , <200,,<100 ,<100 , <200,,<100 ,<100 , <200,,<100 ,<100 , <200,,44,
Lesotho,7800 ,6100 , 11 000,,7100 ,5600 , 9600,,6400 ,5200 , 8700,,5800 ,4700 , 7800,,5400 ,4400 , 7200,,5200 ,4200 , 6800,,4700 ,3800 , 6400,,4700 ,3800 , 6300,,4600 ,3700 , 6300,,4800 ,3800 , 6500,,-38,
Liberia,3500 ,3000 , 4200,,3200 ,2700 , 3800,,3000 ,2400 , 3700,,3000 ,2500 , 3800,,3000 ,2400 , 3800,,3000 ,2500 , 3900,,3000 ,2400 , 3900,,2800 ,2200 , 3600,,2300 ,1800 , 3000,,1900 ,1400 , 2600,,-45,
Libya,<100 ,<100 , <200,,<100 ,<100 , <200,,<100 ,<100 , <200,,<100 ,<100 , <200,,<200 ,<100 , <200,,<200 ,<100 , <200,,<200 ,<100 , <500,,<200 ,<100 , <500,,<200 ,<100 , <500,,<500 ,<200 , <500,,175,
Lithuania,<100 ,<100 , <200,,<200 ,<100 , <200,,<100 ,<100 , <200,,<100 ,<100 , <200,,<100 ,<100 , <100,,<100 ,<100 , <100,,<100 ,<100 , <200,,<100 ,<100 , <200,,<100 ,<100 , <100,,<100 ,<100 , <100,,-34,
Luxembourg,... ,... , ...,"Estimates were not available at the time of publication.",... ,... , ...,"Estimates were not available at the time of publication.",... ,... , ...,"Estimates were not available at the time of publication.",... ,... , ...,"Estimates were not available at the time of publication.",... ,... , ...,"Estimates were not available at the time of publication.",... ,... , ...,"Estimates were not available at the time of publication.",... ,... , ...,"Estimates were not available at the time of publication.",... ,... , ...,"Estimates were not available at the time of publication.",... ,... , ...,"Estimates were not available at the time of publication.",... ,... , ...,"Estimates were not available at the time of publication.",...,"Estimates were not available at the time of publication."
Madagascar,<500 ,<500 , <1000,,<500 ,<500 , <1000,,<1000 ,<500 , <1000,,<1000 ,<500 , <1000,,<1000 ,<1000 , 1100,,<1000 ,<1000 , 1200,,1000 ,<1000 , 1400,,1200 ,<1000 , 1600,,1300 ,<1000 , 1800,,1400 ,1000 , 1900,,230,
Malawi,32 000 ,28 000 , 36 000,,28 000 ,24 000 , 32 000,,24 000 ,20 000 , 27 000,,19 000 ,16 000 , 22 000,,16 000 ,13 000 , 19 000,,15 000 ,12 000 , 18 000,,14 000 ,12 000 , 17 000,,14 000 ,11 000 , 17 000,,13 000 ,11 000 , 16 000,,13 000 ,11 000 , 15 000,,-59,
Malaysia,2900 ,2300 , 3400,,3000 ,2400 , 3500,,3100 ,2500 , 3700,,3400 ,2800 , 4000,,3600 ,3100 , 4200,,3500 ,3000 , 4100,,3100 ,2600 , 3700,,2600 ,2100 , 3100,,2500 ,2000 , 3100,,2700 ,2100 , 3400,,-6,
Maldives,... ,... , ...,"Estimates were not available at the time of publication.",... ,... , ...,"Estimates were not available at the time of publication.",... ,... , ...,"Estimates were not available at the time of publication.",... ,... , ...,"Estimates were not available at the time of publication.",... ,... , ...,"Estimates were not available at the time of publication.",... ,... , ...,"Estimates were not available at the time of publication.",... ,... , ...,"Estimates were not available at the time of publication.",... ,... , ...,"Estimates were not available at the time of publication.",... ,... , ...,"Estimates were not available at the time of publication.",... ,... , ...,"Estimates were not available at the time of publication.",...,"Estimates were not available at the time of publication."
Mali,4800 ,3800 , 6000,,4600 ,3600 , 5800,,4400 ,3300 , 5500,,4900 ,3600 , 6200,,5600 ,4200 , 7100,,6100 ,4600 , 7800,,6000 ,4600 , 7700,,6000 ,4500 , 7800,,6000 ,4400 , 7800,,5800 ,4200 , 7700,,20,
Malta,... ,... , ...,"Estimates were not available at the time of publication.",... ,... , ...,"Estimates were not available at the time of publication.",... ,... , ...,"Estimates were not available at the time of publication.",... ,... , ...,"Estimates were not available at the time of publication.",... ,... , ...,"Estimates were not available at the time of publication.",... ,... , ...,"Estimates were not available at the time of publication.",... ,... , ...,"Estimates were not available at the time of publication.",... ,... , ...,"Estimates were not available at the time of publication.",... ,... , ...,"Estimates were not available at the time of publication.",... ,... , ...,"Estimates were not available at the time of publication.",...,"Estimates were not available at the time of publication."
Mauritania,<500 ,<500 , <500,,<500 ,<500 , <500,,<500 ,<500 , <500,,<500 ,<500 , <500,,<500 ,<500 , <500,,<500 ,<500 , <500,,<500 ,<500 , <500,,<500 ,<500 , <500,,<500 ,<200 , <500,,<500 ,<200 , <500,,-28,
Mauritius,... ,... , ...,,... ,... , ...,,... ,... , ...,,... ,... , ...,,... ,... , ...,,... ,... , ...,,... ,... , ...,,... ,... , ...,,... ,... , ...,,... ,... , ...,,...,
Mexico,... ,... , ...,"Estimates were not available at the time of publication.",... ,... , ...,"Estimates were not available at the time of publication.",... ,... , ...,"Estimates were not available at the time of publication.",... ,... , ...,"Estimates were not available at the time of publication.",... ,... , ...,"Estimates were not available at the time of publication.",... ,... , ...,"Estimates were not available at the time of publication.",... ,... , ...,"Estimates were not available at the time of publication.",... ,... , ...,"Estimates were not available at the time of publication.",... ,... , ...,"Estimates were not available at the time of publication.",... ,... , ...,"Estimates were not available at the time of publication.",...,"Estimates were not available at the time of publication."
Mongolia,<100 ,<100 , <100,,<100 ,<100 , <100,,<100 ,<100 , <100,,<100 ,<100 , <100,,<100 ,<100 , <100,,<100 ,<100 , <100,,<100 ,<100 , <100,,<100 ,<100 , <100,,<100 ,<100 , <100,,<100 ,<100 , <100,,38,
Montenegro,<100 ,<100 , <100,,<100 ,<100 , <100,,<100 ,<100 , <100,,<100 ,<100 , <100,,<100 ,<100 , <100,,<100 ,<100 , <100,,<100 ,<100 , <100,,<100 ,<100 , <100,,<100 ,<100 , <100,,<100 ,<100 , <100,,200,
Morocco,<1000 ,<500 , <1000,,<1000 ,<500 , <1000,,<1000 ,<500 , <1000,,<500 ,<500 , <1000,,<500 ,<500 , <1000,,<500 ,<500 , <1000,,<500 ,<500 , <1000,,<500 ,<500 , <1000,,<500 ,<500 , <1000,,<500 ,<200 , <500,,-46,
Mozambique,63 000 ,44 000 , 87 000,,63 000 ,44 000 , 88 000,,64 000 ,45 000 , 89 000,,65 000 ,45 000 , 91 000,,64 000 ,44 000 , 89 000,,59 000 ,41 000 , 81 000,,55 000 ,38 000 , 77 000,,54 000 ,38 000 , 75 000,,53 000 ,37 000 , 73 000,,51 000 ,35 000 , 70 000,,-20,
Myanmar,11 000 ,9500 , 13 000,,11 000 ,9400 , 13 000,,11 000 ,8900 , 13 000,,10 000 ,8300 , 12 000,,10 000 ,8000 , 12 000,,9800 ,7500 , 13 000,,9400 ,7000 , 12 000,,8900 ,6400 , 12 000,,8300 ,6100 , 12 000,,7700 ,5900 , 11 000,,-30,
Namibia,3800 ,3200 , 4500,,3600 ,3000 , 4300,,3500 ,2900 , 4100,,3100 ,2700 , 3700,,2800 ,2300 , 3300,,2800 ,2300 , 3300,,3000 ,2600 , 3600,,2800 ,2400 , 3400,,3000 ,2400 , 3400,,3000 ,2500 , 3400,,-22,
Nepal,1400 ,1100 , 1600,,1300 ,1000 , 1500,,1100 ,<1000 , 1400,,1000 ,<1000 , 1300,,<1000 ,<1000 , 1200,,<1000 ,<1000 , 1200,,<1000 ,<1000 , 1100,,<1000 ,<1000 , 1100,,<1000 ,<1000 , 1100,,<1000 ,<1000 , 1000,,-46,
Netherlands,<200 ,<200 , <500,,<200 ,<200 , <500,,<200 ,<200 , <500,,<200 ,<200 , <500,,<200 ,<200 , <500,,<200 ,<200 , <500,,<200 ,<200 , <500,,<200 ,<200 , <500,,<200 ,<200 , <500,,<200 ,<200 , <500,,-13,
New Zealand,<100 ,<100 , <100,,<100 ,<100 , <100,,<100 ,<100 , <100,,<100 ,<100 , <100,,<100 ,<100 , <100,,<100 ,<100 , <100,,<100 ,<100 , <100,,<100 ,<100 , <100,,<100 ,<100 , <100,,<100 ,<100 , <100,,-10,
Nicaragua,<500 ,<200 , <500,,<500 ,<200 , <500,,<500 ,<200 , <500,,<500 ,<200 , <500,,<500 ,<200 , <500,,<500 ,<200 , <500,,<500 ,<200 , <500,,<200 ,<200 , <500,,<200 ,<200 , <500,,<200 ,<100 , <500,,-43,
Niger,1900 ,1500 , 2300,,1700 ,1400 , 2200,,1600 ,1200 , 2000,,1400 ,1100 , 1800,,1300 ,1000 , 1700,,1500 ,1200 , 1900,,1600 ,1300 , 2000,,1400 ,1200 , 1700,,1200 ,<1000 , 1500,,1100 ,<1000 , 1400,,-42,
Nigeria,69 000 ,42 000 , 110 000,,70 000 ,43 000 , 110 000,,65 000 ,40 000 , 100 000,,55 000 ,34 000 , 88 000,,46 000 ,29 000 , 75 000,,43 000 ,26 000 , 69 000,,42 000 ,26 000 , 69 000,,43 000 ,27 000 , 69 000,,43 000 ,27 000 , 70 000,,45 000 ,28 000 , 72 000,,-35,
North Macedonia,... ,... , ...,"Estimates were not available at the time of publication.",... ,... , ...,"Estimates were not available at the time of publication.",... ,... , ...,"Estimates were not available at the time of publication.",... ,... , ...,"Estimates were not available at the time of publication.",... ,... , ...,"Estimates were not available at the time of publication.",... ,... , ...,"Estimates were not available at the time of publication.",... ,... , ...,"Estimates were not available at the time of publication.",... ,... , ...,"Estimates were not available at the time of publication.",... ,... , ...,"Estimates were not available at the time of publication.",... ,... , ...,"Estimates were not available at the time of publication.",...,"Estimates were not available at the time of publication."
Norway,... ,... , ...,"Estimates were not available at the time of publication.",... ,... , ...,"Estimates were not available at the time of publication.",... ,... , ...,"Estimates were not available at the time of publication.",... ,... , ...,"Estimates were not available at the time of publication.",... ,... , ...,"Estimates were not available at the time of publication.",... ,... , ...,"Estimates were not available at the time of publication.",... ,... , ...,"Estimates were not available at the time of publication.",... ,... , ...,"Estimates were not available at the time of publication.",... ,... , ...,"Estimates were not available at the time of publication.",... ,... , ...,"Estimates were not available at the time of publication.",...,"Estimates were not available at the time of publication."
Oman,<100 ,<100 , <200,,<100 ,<100 , <200,,<100 ,<100 , <200,,<100 ,<100 , <100,,<100 ,<100 , <100,,<100 ,<100 , <100,,<100 ,<100 , <100,,<100 ,<100 , <100,,<100 ,<100 , <100,,<100 ,<100 , <100,,-43,
Pakistan,1400 ,<1000 , 1800,,1900 ,1300 , 2400,,2600 ,1800 , 3200,,3200 ,2400 , 4000,,4100 ,3100 , 5000,,4700 ,3700 , 5700,,5400 ,4200 , 6400,,5900 ,4700 , 7000,,6400 ,5200 , 7500,,6800 ,5600 , 8000,,405,
Panama,... ,... , ...,"Estimates were not available at the time of publication.",... ,... , ...,"Estimates were not available at the time of publication.",... ,... , ...,"Estimates were not available at the time of publication.",... ,... , ...,"Estimates were not available at the time of publication.",... ,... , ...,"Estimates were not available at the time of publication.",... ,... , ...,"Estimates were not available at the time of publication.",... ,... , ...,"Estimates were not available at the time of publication.",... ,... , ...,"Estimates were not available at the time of publication.",... ,... , ...,"Estimates were not available at the time of publication.",... ,... , ...,"Estimates were not available at the time of publication.",...,"Estimates were not available at the time of publication."
Papua New Guinea,<1000 ,<1000 , <1000,,<1000 ,<1000 , 1000,,<1000 ,<1000 , 1000,,<1000 ,<1000 , <1000,,<1000 ,<1000 , <1000,,<1000 ,<1000 , <1000,,<1000 ,<1000 , <1000,,<1000 ,<1000 , <1000,,<1000 ,<1000 , <1000,,<1000 ,<1000 , <1000,,-20,
Paraguay,<1000 ,<1000 , 1200,,<1000 ,<1000 , 1100,,<1000 ,<1000 , 1300,,<1000 ,<1000 , 1300,,<1000 ,<1000 , 1300,,<1000 ,<1000 , 1300,,<1000 ,<1000 , 1500,,<1000 ,<1000 , 1600,,<1000 ,<500 , 1200,,<1000 ,<500 , 1000,,-27,
Peru,1400 ,1100 , 1800,,1100 ,<1000 , 1400,,<1000 ,<1000 , 1300,,<1000 ,<1000 , 1200,,<1000 ,<1000 , 1300,,<1000 ,<1000 , 1400,,1200 ,<1000 , 1700,,1100 ,<1000 , 1500,,<1000 ,<1000 , 1400,,<1000 ,<1000 , 1200,,-41,
Philippines,<500 ,<500 , <1000,,<500 ,<500 , <1000,,<1000 ,<500 , <1000,,<1000 ,<500 , <1000,,<1000 ,<500 , 1200,,<1000 ,<1000 , 1300,,1100 ,<1000 , 1600,,1300 ,<1000 , 1800,,1500 ,<1000 , 2200,,1600 ,1000 , 2400,,338,
Poland,... ,... , ...,"Estimates were not available at the time of publication.",... ,... , ...,"Estimates were not available at the time of publication.",... ,... , ...,"Estimates were not available at the time of publication.",... ,... , ...,"Estimates were not available at the time of publication.",... ,... , ...,"Estimates were not available at the time of publication.",... ,... , ...,"Estimates were not available at the time of publication.",... ,... , ...,"Estimates were not available at the time of publication.",... ,... , ...,"Estimates were not available at the time of publication.",... ,... , ...,"Estimates were not available at the time of publication.",... ,... , ...,"Estimates were not available at the time of publication.",...,"Estimates were not available at the time of publication."
Portugal,... ,... , ...,"Estimates were not available at the time of publication.",... ,... , ...,"Estimates were not available at the time of publication.",... ,... , ...,"Estimates were not available at the time of publication.",... ,... , ...,"Estimates were not available at the time of publication.",... ,... , ...,"Estimates were not available at the time of publication.",... ,... , ...,"Estimates were not available at the time of publication.",... ,... , ...,"Estimates were not available at the time of publication.",... ,... , ...,"Estimates were not available at the time of publication.",... ,... , ...,"Estimates were not available at the time of publication.",... ,... , ...,"Estimates were not available at the time of publication.",...,"Estimates were not available at the time of publication."
Qatar,... ,... , ...,"Estimates were not available at the time of publication.",... ,... , ...,"Estimates were not available at the time of publication.",... ,... , ...,"Estimates were not available at the time of publication.",... ,... , ...,"Estimates were not available at the time of publication.",... ,... , ...,"Estimates were not available at the time of publication.",... ,... , ...,"Estimates were not available at the time of publication.",... ,... , ...,"Estimates were not available at the time of publication.",... ,... , ...,"Estimates were not available at the time of publication.",... ,... , ...,"Estimates were not available at the time of publication.",... ,... , ...,"Estimates were not available at the time of publication.",...,"Estimates were not available at the time of publication."
Republic of Korea,... ,... , ...,"Estimates were not available at the time of publication.",... ,... , ...,"Estimates were not available at the time of publication.",... ,... , ...,"Estimates were not available at the time of publication.",... ,... , ...,"Estimates were not available at the time of publication.",... ,... , ...,"Estimates were not available at the time of publication.",... ,... , ...,"Estimates were not available at the time of publication.",... ,... , ...,"Estimates were not available at the time of publication.",... ,... , ...,"Estimates were not available at the time of publication.",... ,... , ...,"Estimates were not available at the time of publication.",... ,... , ...,"Estimates were not available at the time of publication.",...,"Estimates were not available at the time of publication."
Republic of Moldova,<500 ,<500 , <1000,,<1000 ,<500 , <1000,,<500 ,<500 , <1000,,<500 ,<500 , <1000,,<500 ,<500 , <1000,,<500 ,<500 , <1000,,<500 ,<500 , <1000,,<500 ,<500 , <1000,,<500 ,<500 , <500,,<500 ,<500 , <500,,-38,
Romania,<200 ,<100 , <500,,<200 ,<100 , <500,,<200 ,<200 , <500,,<500 ,<200 , <500,,<500 ,<200 , <500,,<500 ,<200 , <500,,<200 ,<200 , <500,,<200 ,<200 , <500,,<500 ,<200 , <500,,<500 ,<200 , <500,,60,
Russian Federation,... ,... , ...,"Estimates were not available at the time of publication.",... ,... , ...,"Estimates were not available at the time of publication.",... ,... , ...,"Estimates were not available at the time of publication.",... ,... , ...,"Estimates were not available at the time of publication.",... ,... , ...,"Estimates were not available at the time of publication.",... ,... , ...,"Estimates were not available at the time of publication.",... ,... , ...,"Estimates were not available at the time of publication.",... ,... , ...,"Estimates were not available at the time of publication.",... ,... , ...,"Estimates were not available at the time of publication.",... ,... , ...,"Estimates were not available at the time of publication.",...,"Estimates were not available at the time of publication."
Rwanda,5000 ,4200 , 6100,,4400 ,3600 , 5400,,4000 ,3300 , 5000,,3700 ,3100 , 4500,,3400 ,2900 , 4200,,3200 ,2700 , 3900,,3100 ,2600 , 3700,,3100 ,2600 , 3600,,2900 ,2500 , 3400,,2800 ,2400 , 3300,,-43,
Saudi Arabia,... ,... , ...,"Estimates were not available at the time of publication.",... ,... , ...,"Estimates were not available at the time of publication.",... ,... , ...,"Estimates were not available at the time of publication.",... ,... , ...,"Estimates were not available at the time of publication.",... ,... , ...,"Estimates were not available at the time of publication.",... ,... , ...,"Estimates were not available at the time of publication.",... ,... , ...,"Estimates were not available at the time of publication.",... ,... , ...,"Estimates were not available at the time of publication.",... ,... , ...,"Estimates were not available at the time of publication.",... ,... , ...,"Estimates were not available at the time of publication.",...,"Estimates were not available at the time of publication."
Senegal,1600 ,1300 , 1900,,1600 ,1300 , 2000,,1700 ,1400 , 2000,,1800 ,1400 , 2100,,1800 ,1500 , 2200,,1800 ,1400 , 2100,,1600 ,1300 , 2000,,1500 ,1300 , 1900,,1400 ,1200 , 1700,,1200 ,<1000 , 1500,,-26,
Serbia,<100 ,<100 , <100,"Children estimates were not available at the time of publication.",<100 ,<100 , <100,"Children estimates were not available at the time of publication.",<100 ,<100 , <100,"Children estimates were not available at the time of publication.",<100 ,<100 , <100,"Children estimates were not available at the time of publication.",<100 ,<100 , <100,"Children estimates were not available at the time of publication.",<100 ,<100 , <100,"Children estimates were not available at the time of publication.",<100 ,<100 , <100,"Children estimates were not available at the time of publication.",<100 ,<100 , <100,"Children estimates were not available at the time of publication.",<100 ,<100 , <100,"Children estimates were not available at the time of publication.",<100 ,<100 , <100,"Children estimates were not available at the time of publication.",71,"Children estimates were not available at the time of publication."
Sierra Leone,3400 ,2900 , 4000,,3200 ,2700 , 3800,,3100 ,2500 , 3600,,3100 ,2600 , 3700,,3300 ,2800 , 4000,,3400 ,2900 , 4100,,3300 ,2800 , 3900,,3100 ,2600 , 3600,,2800 ,2300 , 3300,,2600 ,2000 , 3100,,-26,
Singapore,<100 ,<100 , <200,,<100 ,<100 , <200,,<100 ,<100 , <200,,<100 ,<100 , <200,,<100 ,<100 , <100,,<100 ,<100 , <100,,<100 ,<100 , <100,,<100 ,<100 , <200,,<100 ,<100 , <200,,<100 ,<100 , <100,,-33,
Slovakia,... ,... , ...,"Estimates were not available at the time of publication.",... ,... , ...,"Estimates were not available at the time of publication.",... ,... , ...,"Estimates were not available at the time of publication.",... ,... , ...,"Estimates were not available at the time of publication.",... ,... , ...,"Estimates were not available at the time of publication.",... ,... , ...,"Estimates were not available at the time of publication.",... ,... , ...,"Estimates were not available at the time of publication.",... ,... , ...,"Estimates were not available at the time of publication.",... ,... , ...,"Estimates were not available at the time of publication.",... ,... , ...,"Estimates were not available at the time of publication.",...,"Estimates were not available at the time of publication."
Slovenia,... ,... , ...,"Estimates were not available at the time of publication.",... ,... , ...,"Estimates were not available at the time of publication.",... ,... , ...,"Estimates were not available at the time of publication.",... ,... , ...,"Estimates were not available at the time of publication.",... ,... , ...,"Estimates were not available at the time of publication.",... ,... , ...,"Estimates were not available at the time of publication.",... ,... , ...,"Estimates were not available at the time of publication.",... ,... , ...,"Estimates were not available at the time of publication.",... ,... , ...,"Estimates were not available at the time of publication.",... ,... , ...,"Estimates were not available at the time of publication.",...,"Estimates were not available at the time of publication."
Somalia,1200 ,1000 , 1400,,1100 ,<1000 , 1300,,1100 ,<1000 , 1200,,1000 ,<1000 , 1200,,<1000 ,<1000 , 1100,,<1000 ,<1000 , 1100,,<1000 ,<1000 , <1000,,<1000 ,<1000 , <1000,,<1000 ,<1000 , <1000,,<1000 ,<500 , <1000,,-49,
South Africa,180 000 ,150 000 , 220 000,,160 000 ,130 000 , 190 000,,130 000 ,100 000 , 150 000,,110 000 ,85 000 , 130 000,,95 000 ,74 000 , 120 000,,89 000 ,70 000 , 110 000,,85 000 ,67 000 , 110 000,,79 000 ,63 000 , 100 000,,76 000 ,61 000 , 96 000,,72 000 ,58 000 , 89 000,,-61,
South Sudan,11 000 ,7700 , 14 000,,11 000 ,8000 , 15 000,,11 000 ,8200 , 15 000,,11 000 ,8400 , 15 000,,11 000 ,8000 , 14 000,,10 000 ,7300 , 13 000,,9500 ,6600 , 13 000,,9800 ,6800 , 13 000,,9500 ,6500 , 13 000,,9100 ,6200 , 12 000,,-16,
Spain,1300 ,<1000 , 1700,,1100 ,<1000 , 1500,,1100 ,<1000 , 1500,,1000 ,<1000 , 1400,,<1000 ,<1000 , 1400,,<1000 ,<1000 , 1300,,<1000 ,<1000 , 1300,,<1000 ,<1000 , 1300,,<1000 ,<1000 , 1200,,<1000 ,<1000 , 1200,,-30,
Sri Lanka,<500 ,<200 , <500,,<500 ,<200 , <500,,<500 ,<500 , <500,,<500 ,<500 , <500,,<500 ,<500 , <500,,<500 ,<200 , <500,,<500 ,<200 , <500,,<500 ,<200 , <500,,<200 ,<200 , <500,,<200 ,<200 , <200,,-42,
Sudan,2300 ,1700 , 2900,,2500 ,2000 , 3200,,2800 ,2200 , 3500,,2900 ,2400 , 3600,,2900 ,2300 , 3500,,2900 ,2300 , 3600,,2900 ,2300 , 3600,,2600 ,2100 , 3300,,2400 ,1900 , 3100,,2300 ,1800 , 3000,,2,
Suriname,<200 ,<200 , <500,,<200 ,<200 , <500,,<200 ,<200 , <500,,<200 ,<200 , <500,,<200 ,<200 , <500,,<200 ,<100 , <500,,<200 ,<100 , <500,,<200 ,<100 , <500,,<200 ,<100 , <500,,<200 ,<100 , <500,,-20,
Sweden,... ,... , ...,"Estimates were not available at the time of publication.",... ,... , ...,"Estimates were not available at the time of publication.",... ,... , ...,"Estimates were not available at the time of publication.",... ,... , ...,"Estimates were not available at the time of publication.",... ,... , ...,"Estimates were not available at the time of publication.",... ,... , ...,"Estimates were not available at the time of publication.",... ,... , ...,"Estimates were not available at the time of publication.",... ,... , ...,"Estimates were not available at the time of publication.",... ,... , ...,"Estimates were not available at the time of publication.",... ,... , ...,"Estimates were not available at the time of publication.",...,"Estimates were not available at the time of publication."
Switzerland,<200 ,<100 , <200,,<200 ,<100 , <200,,<200 ,<100 , <200,,<200 ,<100 , <200,,<200 ,<100 , <200,,<200 ,<100 , <200,,<200 ,<100 , <200,,<200 ,<100 , <200,,<200 ,<100 , <200,,<100 ,<100 , <200,,-26,
Syrian Arab Republic,<100 ,<100 , <100,,<100 ,<100 , <100,,<100 ,<100 , <100,,<100 ,<100 , <100,,<100 ,<100 , <100,,<100 ,<100 , <100,,<100 ,<100 , <100,,<100 ,<100 , <100,,<100 ,<100 , <100,,<100 ,<100 , <100,,-6,
Tajikistan,<100 ,<100 , <200,,<200 ,<100 , <500,,<200 ,<200 , <500,,<200 ,<200 , <500,,<500 ,<200 , <500,,<500 ,<500 , <500,,<500 ,<500 , <500,,<500 ,<500 , <500,,<500 ,<500 , <500,,<500 ,<500 , <500,,217,
Thailand,25 000 ,17 000 , 34 000,,24 000 ,17 000 , 33 000,,23 000 ,16 000 , 31 000,,23 000 ,15 000 , 32 000,,22 000 ,15 000 , 31 000,,20 000 ,14 000 , 30 000,,20 000 ,14 000 , 29 000,,18 000 ,13 000 , 26 000,,16 000 ,12 000 , 23 000,,14 000 ,10 000 , 19 000,,-44,
Timor-Leste,<100 ,<100 , <100,,<100 ,<100 , <100,,<100 ,<100 , <100,,<100 ,<100 , <100,,<100 ,<100 , <100,,<100 ,<100 , <100,,<100 ,<100 , <100,,<100 ,<100 , <100,,<100 ,<100 , <100,,<100 ,<100 , <100,,67,
Togo,5400 ,4200 , 6700,,4300 ,3300 , 5500,,3900 ,2900 , 5200,,3700 ,2800 , 5000,,3800 ,2800 , 5000,,4000 ,3000 , 5300,,4000 ,3000 , 5200,,3800 ,2900 , 5000,,3600 ,2800 , 4700,,3000 ,2400 , 4100,,-43,
Trinidad and Tobago,<500 ,<500 , <500,"Children estimates were not available at the time of publication.",<500 ,<200 , <500,"Children estimates were not available at the time of publication.",<500 ,<200 , <500,"Children estimates were not available at the time of publication.",<200 ,<200 , <500,"Children estimates were not available at the time of publication.",<200 ,<200 , <500,"Children estimates were not available at the time of publication.",<200 ,<200 , <500,"Children estimates were not available at the time of publication.",<200 ,<200 , <500,"Children estimates were not available at the time of publication.",<500 ,<200 , <500,"Children estimates were not available at the time of publication.",<500 ,<200 , <500,"Children estimates were not available at the time of publication.",<200 ,<200 , <500,"Children estimates were not available at the time of publication.",-27,"Children estimates were not available at the time of publication."
Tunisia,<100 ,<100 , <200,,<100 ,<100 , <200,,<100 ,<100 , <200,,<200 ,<100 , <500,,<200 ,<100 , <500,,<200 ,<200 , <500,,<500 ,<200 , <500,,<500 ,<200 , <500,,<500 ,<200 , <500,,<500 ,<200 , <500,,328,
Turkey,... ,... , ...,"Estimates were not available at the time of publication.",... ,... , ...,"Estimates were not available at the time of publication.",... ,... , ...,"Estimates were not available at the time of publication.",... ,... , ...,"Estimates were not available at the time of publication.",... ,... , ...,"Estimates were not available at the time of publication.",... ,... , ...,"Estimates were not available at the time of publication.",... ,... , ...,"Estimates were not available at the time of publication.",... ,... , ...,"Estimates were not available at the time of publication.",... ,... , ...,"Estimates were not available at the time of publication.",... ,... , ...,"Estimates were not available at the time of publication.",...,"Estimates were not available at the time of publication."
Turkmenistan,... ,... , ...,"Estimates were not available at the time of publication.",... ,... , ...,"Estimates were not available at the time of publication.",... ,... , ...,"Estimates were not available at the time of publication.",... ,... , ...,"Estimates were not available at the time of publication.",... ,... , ...,"Estimates were not available at the time of publication.",... ,... , ...,"Estimates were not available at the time of publication.",... ,... , ...,"Estimates were not available at the time of publication.",... ,... , ...,"Estimates were not available at the time of publication.",... ,... , ...,"Estimates were not available at the time of publication.",... ,... , ...,"Estimates were not available at the time of publication.",...,"Estimates were not available at the time of publication."
Uganda,53 000 ,46 000 , 66 000,,49 000 ,42 000 , 61 000,,45 000 ,38 000 , 57 000,,39 000 ,33 000 , 51 000,,34 000 ,28 000 , 45 000,,29 000 ,24 000 , 40 000,,26 000 ,21 000 , 36 000,,25 000 ,21 000 , 35 000,,23 000 ,19 000 , 32 000,,21 000 ,17 000 , 29 000,,-60,
Ukraine,13 000 ,11 000 , 15 000,,13 000 ,11 000 , 15 000,,13 000 ,11 000 , 15 000,,11 000 ,9500 , 13 000,,9800 ,8300 , 12 000,,9400 ,7800 , 12 000,,10 000 ,8300 , 12 000,,8200 ,6600 , 10 000,,7100 ,5600 , 9400,,5900 ,4500 , 8000,,-55,
United Arab Emirates,... ,... , ...,"Estimates were not available at the time of publication.",... ,... , ...,"Estimates were not available at the time of publication.",... ,... , ...,"Estimates were not available at the time of publication.",... ,... , ...,"Estimates were not available at the time of publication.",... ,... , ...,"Estimates were not available at the time of publication.",... ,... , ...,"Estimates were not available at the time of publication.",... ,... , ...,"Estimates were not available at the time of publication.",... ,... , ...,"Estimates were not available at the time of publication.",... ,... , ...,"Estimates were not available at the time of publication.",... ,... , ...,"Estimates were not available at the time of publication.",...,"Estimates were not available at the time of publication."
United Kingdom,... ,... , ...,"Estimates were not available at the time of publication.",... ,... , ...,"Estimates were not available at the time of publication.",... ,... , ...,"Estimates were not available at the time of publication.",... ,... , ...,"Estimates were not available at the time of publication.",... ,... , ...,"Estimates were not available at the time of publication.",... ,... , ...,"Estimates were not available at the time of publication.",... ,... , ...,"Estimates were not available at the time of publication.",... ,... , ...,"Estimates were not available at the time of publication.",... ,... , ...,"Estimates were not available at the time of publication.",... ,... , ...,"Estimates were not available at the time of publication.",...,"Estimates were not available at the time of publication."
United Republic of Tanzania,52 000 ,47 000 , 58 000,,50 000 ,45 000 , 56 000,,50 000 ,45 000 , 56 000,,40 000 ,36 000 , 46 000,,34 000 ,30 000 , 40 000,,32 000 ,28 000 , 37 000,,30 000 ,26 000 , 35 000,,29 000 ,25 000 , 34 000,,28 000 ,24 000 , 33 000,,27 000 ,23 000 , 32 000,,-47,
United States,12 000 ,9200 , 16 000,,12 000 ,9000 , 16 000,,10 000 ,7400 , 13 000,,8600 ,6400 , 12 000,,7900 ,5800 , 11 000,,7600 ,5600 , 10 000,,7400 ,5500 , 10 000,,7600 ,5600 , 10 000,,7800 ,5800 , 10 000,,... ,... , ...,,...,
Uruguay,... ,... , ...,"Estimates were not available at the time of publication.",... ,... , ...,"Estimates were not available at the time of publication.",... ,... , ...,"Estimates were not available at the time of publication.",... ,... , ...,"Estimates were not available at the time of publication.",... ,... , ...,"Estimates were not available at the time of publication.",... ,... , ...,"Estimates were not available at the time of publication.",... ,... , ...,"Estimates were not available at the time of publication.",... ,... , ...,"Estimates were not available at the time of publication.",... ,... , ...,"Estimates were not available at the time of publication.",... ,... , ...,"Estimates were not available at the time of publication.",...,"Estimates were not available at the time of publication."
Uzbekistan,<1000 ,<1000 , <1000,,<1000 ,<1000 , <1000,,<1000 ,<1000 , <1000,,<1000 ,<1000 , 1100,,1000 ,<1000 , 1200,,1100 ,<1000 , 1200,,1000 ,<1000 , 1200,,1000 ,<1000 , 1200,,<1000 ,<1000 , <1000,,<1000 ,<1000 , <1000,,-1,
Venezuela (Bolivarian Republic of),2300 ,1800 , 2900,,2300 ,1800 , 3000,,2600 ,2000 , 3400,,2900 ,2100 , 3700,,3300 ,2400 , 4300,,3500 ,2600 , 4400,,2700 ,2100 , 3500,,3500 ,2600 , 4500,,... ,... , ...,,... ,... , ...,,...,
Viet Nam,8400 ,6600 , 9900,,8100 ,6400 , 9700,,7200 ,5600 , 8900,,6400 ,4900 , 8100,,6100 ,4600 , 7900,,5900 ,4500 , 7800,,5400 ,4100 , 7200,,5200 ,3900 , 7100,,5000 ,3700 , 7000,,5000 ,3700 , 7200,,-40,
Yemen,<200 ,<100 , <500,,<200 ,<100 , <500,,<500 ,<200 , <500,,<500 ,<200 , <500,,<500 ,<200 , <500,,<500 ,<200 , <500,,<500 ,<200 , <1000,,<500 ,<200 , <1000,,<500 ,<500 , <1000,,<500 ,<500 , <1000,,136,
Zambia,24 000 ,20 000 , 28 000,,21 000 ,18 000 , 25 000,,20 000 ,17 000 , 24 000,,19 000 ,16 000 , 23 000,,18 000 ,15 000 , 21 000,,18 000 ,15 000 , 21 000,,17 000 ,14 000 , 20 000,,16 000 ,13 000 , 19 000,,17 000 ,14 000 , 20 000,,17 000 ,14 000 , 21 000,,-27,
Zimbabwe,52 000 ,42 000 , 63 000,,40 000 ,33 000 , 49 000,,33 000 ,27 000 , 40 000,,28 000 ,23 000 , 34 000,,25 000 ,21 000 , 31 000,,24 000 ,19 000 , 29 000,,23 000 ,19 000 , 28 000,,23 000 ,19 000 , 28 000,,22 000 ,18 000 , 27 000,,20 000 ,16 000 , 25 000,,-61,
Global,1 100 000 ,830 000,1 600 000,,1 100 000 ,780 000,1 500 000,,1 000 000 ,730 000,1 400 000,,930 000 ,680 000,1 300 000,,870 000 ,640 000,1 200 000,,830 000 ,610 000,1 200 000,,800 000 ,580 000,1 100 000,,760 000 ,550 000,1 100 000,,730 000 ,530 000,1 000 000,,690 000 ,500 000,970 000,,-39,